,price_aapl,log_yield_aapl,price_msft,log_yield_msft,price_googl,log_yield_googl,yt_predicted_googl,yt_predicted_msft,yt_predicted_aapl
2020-01-03,72.44145202636719,-0.0097698702918106,152.8522491455078,-0.012530025487228,68.07599639892578,-0.0052450742675691,-0.006120313450336,0.0026308845049669,0.0005828655664991
2020-01-06,73.01869201660156,0.0079367860410387,153.24734497070312,0.0025814868899018,69.8905029296875,0.0263050982464196,0.0041760554048971,0.0089762340086045,0.0070909565210972
2020-01-07,72.67527770996094,-0.0047141956977071,151.85008239746094,-0.0091595157264675,69.75550079345703,-0.0019334914668329,-0.0016145207598635,-0.0055739177258799,-0.0016538867942988
2020-01-08,73.84434509277344,0.0159581654688829,154.268798828125,0.0158027937115828,70.25199890136719,0.0070924799068699,-0.0012184605698186,-0.0021469533573166,-0.0023224071583984
2020-01-09,75.41284942626953,0.0210182441236296,156.19610595703125,0.0124157794150424,70.989501953125,0.0104432443728015,-9.07601275206612e-05,0.0049104702694639,0.00411003819926
2020-01-10,75.58334350585938,0.0022582576253771,155.4733123779297,-0.0046382149314036,71.447998046875,0.0064378787514355,0.0021485416561219,-0.0018668348543298,-0.0029558751731237
2020-01-13,77.1981430053711,0.0211394674928281,157.34280395507812,0.0119527974246804,72.00150299072266,0.0077171086240562,0.0050068097437733,0.007748489297069,0.005425273396108
2020-01-14,76.15571594238281,-0.0135952642624004,156.23464965820312,-0.0070678481326243,71.52950286865234,-0.0065770015430947,0.0008929241976556,-0.0001322316076078,0.0051406719055763
2020-01-15,75.829345703125,-0.0042947739387626,157.24642944335938,0.0064551474772803,71.95999908447266,0.0060004042333751,-0.0006092398907069,-0.0064723550207224,0.0002750097592084
2020-01-16,76.77923583984375,0.0124488727235824,160.12774658203125,0.0181577237266995,72.50800323486328,0.007586548854946,-0.0083919010326094,-0.0020845853186693,-0.0008472466056075
2020-01-17,77.62923431396484,0.011009850164718,161.02391052246094,0.0055809537125221,73.97599792480469,0.0200437430085066,-0.0051670548731887,0.0024205301356255,0.0021624445971884
2020-01-21,77.10315704345703,-0.0067998599770702,160.44573974609375,-0.0035970512257438,74.11250305175781,0.0018435619877957,0.0002830408465332,0.0034767486605793,0.0047572647255596
2020-01-22,77.37837982177734,0.0035631839907506,159.67478942871094,-0.0048166345961723,74.19349670410156,0.0010922506241053,-0.0010403382742858,-0.0019066660120118,0.0018918182832223
2020-01-23,77.75103759765625,0.0048044851701048,160.65769958496094,0.0061368314155805,74.2344970703125,0.0005524613815919,0.0042755624701775,0.0110644973969914,0.0018450919593537
2020-01-24,77.52694702148438,-0.0028863168503005,159.03883361816406,-0.0101276031215403,73.30850219726562,-0.012552368273315,0.0066378458562191,0.0123784720824277,0.0085675674378888
2020-01-27,75.24725341796875,-0.029846175893593,156.37918090820312,-0.0168647041385325,71.58650207519531,-0.0237700562513423,0.0018664780235329,-0.0012665044117426,-0.0029570863234293
2020-01-28,77.37594604492188,0.0278965541479533,159.4435577392578,0.0194062847718153,72.5250015258789,0.0130248133549235,-0.0053962562136915,-0.0028918173687375,-0.0010429765144663
2020-01-29,78.99560546875,0.0207162662601041,161.9296875,0.0154722236124473,72.83499908447266,0.0042652452842109,0.0018622067040943,-0.0067589880432922,0.0004741183585838
2020-01-30,78.8811264038086,-0.0014502337823659,166.49732971191406,0.0278170582883229,72.7125015258789,-0.0016832661090519,0.009111306894514,0.0154873483870884,0.0158116015630751
2020-01-31,75.3836441040039,-0.0453516603741346,164.0401153564453,-0.0148682677805571,71.63899993896484,-0.0148737126611721,-0.0109917488320179,-0.0070625521534732,0.0041134807321269
2020-02-03,75.17660522460938,-0.0027502479680913,168.0391845703125,0.0240861899515936,74.12999725341797,0.0341806540569385,0.0145498038770674,-0.0080506170136313,-0.0043717267585926
2020-02-04,77.65848541259766,0.0324807394965834,173.57044982910156,0.032386374162108,72.27050018310547,-0.0254042453131046,0.0028481993578379,0.0027018395608383,0.0003046241125476
2020-02-05,78.29170989990234,0.0081208999588144,173.35848999023438,-0.0012219209233482,72.30249786376953,0.0004426508631461,-0.0034788231599006,-0.0045900790048868,0.0010444760627914
2020-02-06,79.20750427246094,0.0116293239739651,176.95285034179688,0.0205216679026337,73.79850006103516,0.0204797298558813,0.0006018318514816,-0.0014305937866266,0.0053337634033149
2020-02-07,78.13085174560547,-0.0136860376514314,177.20335388183594,0.0014146502522218,73.95549774169922,0.0021251234089662,-0.0051469375735101,-0.0101748374109688,0.0017322816111436
2020-02-10,78.50194549560547,0.0047384002694938,181.8384704589844,0.0258208029524391,75.43299865722656,0.0197812968151628,0.0004353752966638,0.0124448225553019,0.0038050696096354
2020-02-11,78.0283203125,-0.0060515661436202,177.73338317871094,-0.022834187955935,75.50299835205078,0.000927541490828,-0.0006529786279827,0.0027664737449678,-0.0023338684708325
2020-02-12,79.88133239746094,0.0234703466756005,177.9935760498047,0.0014628799462345,75.93150329589844,0.0056592927351314,0.0010533219982692,0.0049941800460312,0.0029375365709275
2020-02-13,79.31248474121094,-0.0071466353103604,177.02992248535156,-0.0054286881575625,75.66950225830078,-0.0034564585833187,-0.004866551210997,-0.0043898091005428,-2.6733798459546012e-05
2020-02-14,79.33200073242188,0.0002460342854164,178.61029052734375,0.0088875126414101,75.9365005493164,0.0035222690673344,-0.0093203082555288,-0.00937691607069,0.0041043159366169
2020-02-18,77.87940216064453,-0.0184800833142636,180.4219512939453,0.01009199693941,75.97200012207031,0.0004673809989991,-0.0096784107762236,-0.0077655920225501,-0.0045364217131398
2020-02-19,79.0073013305664,0.0143787660447426,180.96307373046875,0.0029947164573318,76.24349975585938,0.0035673097933558,-0.003519571269731,0.0013881180756514,0.0045899832647073
2020-02-20,78.19676971435547,-0.0103119314047871,178.19952392578125,-0.0153891544529457,75.84950256347656,-0.0051810151382424,-0.0070220183946672,0.0072859772687028,-0.0012785641983019
2020-02-21,76.42679595947266,-0.0228949715634408,172.566162109375,-0.0321231320649932,74.1729965209961,-0.0223509919649818,0.0145821799841925,0.0215590118190301,0.0143877646911549
2020-02-24,72.7964859008789,-0.048665683688801,165.12588500976562,-0.044072588932305,70.99299621582031,-0.0438189283189105,0.011264990212881,0.0050456843465719,0.0185081522740268
2020-02-25,70.33072662353516,-0.034458901548738,162.40103149414062,-0.0166393431910343,69.31600189208984,-0.0239054402534111,-0.0071974517047236,-0.0043741547629523,-0.0095167880213026
2020-02-26,71.44641876220703,0.0157389989307815,164.43017578125,0.0124172374871868,69.52349853515625,0.0029890167699095,0.0274083628995718,0.0455132211084676,0.0265203095793127
2020-02-27,66.7761001586914,-0.0676025463594864,152.84458923339844,-0.0730643682419041,65.74749755859375,-0.0558431934562561,-0.0144122804420867,-0.0138477958026312,0.0038022043085373
2020-02-28,66.73702239990234,-0.0005853770649068,156.54539489746094,0.0239243826449662,66.9625015258789,0.0183111736059108,-0.0156808470926658,-0.0272797256036754,-0.0218130464104214
2020-03-02,72.9502944946289,0.0890184544957656,166.96177673339844,0.064418873220812,69.31600189208984,0.0345430030804357,-0.0026955992389221,0.0154754042837258,0.0059007173615219
2020-03-03,70.6334457397461,-0.0322745438863454,158.96107482910156,-0.049105544530175,66.88600158691406,-0.0356860856777835,-0.0087447539141666,-0.0176030270974335,-0.0041564231348627
2020-03-04,73.90973663330078,0.0453408054348762,164.79737854003906,0.0360573505784186,69.08000183105469,0.0322755783879734,0.0034312330047025,0.0013750951227777,0.0042895598050474
2020-03-05,71.51233673095703,-0.0329745969391389,160.6616973876953,-0.0254158146496691,65.73799896240234,-0.0495881506733198,-0.0130281376466481,0.0121473484990616,-0.0056526385650115
2020-03-06,70.5626449584961,-0.013369080272624,156.1202850341797,-0.0286741277334356,64.78700256347656,-0.0145721235957502,0.0323854869402274,0.0352002594162545,0.0383813971787442
2020-03-09,64.98169708251953,-0.0823952493376892,145.5395965576172,-0.0701785771712227,60.78950119018555,-0.0636879092471061,-0.0446185609406874,-0.0504288844345196,-0.0334045314227089
2020-03-10,69.6617660522461,0.0695459701770505,155.49215698242188,0.0661471020579131,63.75849914550781,0.0476853988131639,0.0217915364241471,0.0369552558061305,0.0139343983794019
2020-03-11,67.24237823486328,-0.0353479398132971,148.44808959960938,-0.0463599607903247,60.54499816894531,-0.0517156351183006,0.0211595702545865,0.0294331499240907,0.0300566017764474
2020-03-12,60.60189437866211,-0.1039775243008673,134.3695068359375,-0.0996418134589987,55.57749938964844,-0.0856084278514378,-0.030538449478757,-0.0539261387419979,-0.0339850607776265
2020-03-13,67.86248779296875,0.1131572663920264,153.47268676757812,0.1329290961412507,60.7135009765625,0.0883876625816428,0.0355792615674011,0.0686482299517231,0.0344800992597344
2020-03-16,59.1321907043457,-0.1377079612573656,130.852294921875,-0.1594534474348456,53.650001525878906,-0.123684597175596,-0.0176585152004774,-0.0356327432895982,-0.0110459289058746
2020-03-17,61.73224258422852,0.0430309065705788,141.62620544433594,0.0791220634418949,55.90299987792969,0.0411365462823116,0.0186544024673044,0.0223337111618465,0.0155360849469711
2020-03-18,60.22103500366211,-0.0247846547181015,135.66429138183594,-0.0430078424549597,54.55950164794922,-0.0243261643254124,-0.0104916301042709,-0.0057752048278188,-0.0016481152688527
2020-03-19,59.75962066650391,-0.0076915167587545,137.89642333984375,0.0163194594618046,55.58349990844727,0.0185945135017917,0.0278545565439284,0.0350475768296515,0.0250535706007258
2020-03-20,55.96574401855469,-0.0655904035815665,132.71717834472656,-0.0382824623963595,53.41049957275391,-0.0398790451254049,0.0007831664776051,0.0077779431162835,0.0093287452109666
2020-03-23,54.77680587768555,-0.0214729356564164,131.3933868408203,-0.0100246091171392,52.70650100708008,-0.0132685411439795,-0.0159973972921337,-0.0259934274588571,-0.0180521239034548
2020-03-24,60.272308349609375,0.0956059129533313,143.33651733398438,0.0869993574032782,56.5004997253418,0.0695106761022236,0.0123136964648815,0.0041446739857632,0.0055041713271979
2020-03-25,59.94028472900391,-0.0055239547935007,141.96441650390625,-0.0096186955326213,55.08100128173828,-0.0254446304335755,-0.0268921195019052,-0.0209252456168724,-0.0170642568474437
2020-03-26,63.09452438354492,0.0512851768650314,150.84439086914062,0.0606723432163318,58.14599990844727,0.0541522350299155,0.0188162719485477,0.0211974857245176,0.01733201914427
2020-03-27,60.48226165771485,-0.0422838626696273,144.650634765625,-0.0419273617156166,55.51300048828125,-0.0463398510520683,-0.0174384996980167,-0.0345538325394599,-0.0075328179067142
2020-03-30,62.208309173583984,0.0281384525165229,154.82542419433594,0.0679767669524835,57.31549835205078,0.0319538281426037,0.0078323209913829,0.0152443403211817,0.0077692452806898
2020-03-31,62.081356048583984,-0.0020428596202899,152.39044189453125,-0.0158522625931269,58.09749984741211,0.0135515665493014,0.0209698077353028,0.0196743636885892,0.0149864082790036
2020-04-01,58.8148193359375,-0.0540518665292811,146.9793243408203,-0.036153997914479,55.10499954223633,-0.0528821832093845,0.0052881070578053,0.0026247944745569,0.0018697658595459
2020-04-02,59.79624176025391,0.0165489594899227,150.0230712890625,0.0204971647189026,55.85150146484375,0.0134559612000658,0.0133667770476595,0.0076752781793901,0.011313257359839
2020-04-03,58.9368896484375,-0.0144756077350751,148.64129638671875,-0.0092530941807229,54.6349983215332,-0.0220217367352029,-0.0238733542155613,-0.0294712224861844,-0.0174156527194827
2020-04-06,64.0783920288086,0.0836400048338077,159.69541931152344,0.0717323750438849,59.15950012207031,0.0795625159125177,0.01027491521209,0.0106710980348335,0.011287189956633
2020-04-07,63.33621597290039,-0.0116499114437091,157.97549438476562,-0.0108284495585365,59.12799835205078,-0.0005326306020609,-0.005083702344566,-0.0012562693583058,-0.0044756545998732
2020-04-08,64.957275390625,0.0252724542773166,159.5601806640625,0.0099812371333798,60.34999847412109,0.0204563646480056,0.0042391066167049,0.0104221690034225,0.0039325594805274
2020-04-09,65.426025390625,0.0071903689625232,159.56985473632812,6.0627776739574245e-05,60.32849884033203,-0.0003563125908089,0.0046260379716576,0.0030151979209475,-0.0009624246670654
2020-04-13,66.71017456054688,0.0194373623673347,159.92733764648438,0.0022377852942632,60.52050018310547,0.0031775439742927,-0.0165108597575032,-0.0173712896896162,-0.0120371715196238
2020-04-14,70.07923889160156,0.0492691025787697,167.84107971191406,0.0482980052388928,63.26150131225586,0.0442947963626841,-0.0041538387747724,0.0050539661552423,0.0027073662167486
2020-04-15,69.43963623046875,-0.0091687542822617,166.08248901367188,-0.0105329909096623,62.8650016784668,-0.0062873532611942,0.005231929901512,-0.0133468631833514,0.0021663957727829
2020-04-16,69.99137115478516,0.0079141335118779,171.06842041015625,0.0295790091329793,62.87149810791016,0.0001033340272742,-0.0056555537372292,-0.0085571816515888,0.0033977736138101
2020-04-17,69.04166412353516,-0.0136618149898482,172.57582092285156,0.0087730856491637,63.95000076293945,0.0170086091831393,0.00735810074908,0.0146804197228579,0.0093566619689556
2020-04-20,67.60858917236328,-0.0209751165034734,169.1552276611328,-0.020019881258689,63.057498931884766,-0.0140545483455583,0.0161105548555269,0.0209472939700151,0.0119633463958055
2020-04-21,65.518798828125,-0.0313979272677187,162.159423828125,-0.0422368511942075,60.608001708984375,-0.0396200658485902,-0.01710861545583,-0.0131525405130928,-0.0056550850262714
2020-04-22,67.40596008300781,0.0283963360672732,167.6671600341797,0.0334008749469179,62.920501708984375,0.0374451261574164,0.0114017105637765,0.009785491996029,0.0083607614132231
2020-04-23,67.14472961425781,-0.003883009408106,165.6379852294922,-0.0121762289242078,63.55849838256836,0.0100886642754778,0.0010925718280266,-0.0075383458217413,-0.0037079589384718
2020-04-24,69.08317565917969,0.0284607898366651,168.6624298095703,0.0180946655448739,63.83000183105469,0.0042626117605464,0.0034819310213036,0.0067879140128524,0.0005501025328346
2020-04-27,69.13201904296875,0.0007067730277779,168.1792755126953,-0.0028687340111957,63.542999267578125,-0.0045064974008199,0.0155950071053197,0.0167782403144809,0.0107036812595803
2020-04-28,68.01141357421875,-0.0163424582251832,164.08233642578125,-0.0246621733712635,61.62950134277344,-0.0305761567565094,-0.0258498426361481,-0.0196346328845389,-0.0037563090570079
2020-04-29,70.24526977539062,0.0323174340175521,171.44528198242188,0.0438958069855918,67.10900115966797,0.0851775066334731,-0.0011109482029646,0.0007796249130946,-0.0027014257284409
2020-04-30,71.72715759277344,0.020876471087088,173.16522216796875,0.0099820199683338,67.33499908447266,0.0033619668748638,0.012912674758415,0.0169009797951222,0.0087433763395604
2020-05-01,70.5724105834961,-0.0162301596892076,168.6817626953125,-0.0262323014088132,65.86599731445312,-0.0220578129413416,0.0028891887699773,-0.0066689999438824,0.0020296165448847
2020-05-04,71.57093048095703,0.0140497094708807,172.80772399902344,0.024165675679005,66.1449966430664,0.0042269167991512,-0.0015958909357689,-0.0008014852222118,0.0006651338737785
2020-05-05,72.6451187133789,0.0148972060221383,174.66294860839844,0.0106785543938265,67.45099639892578,0.0195521037895348,0.0001495501422403,-0.0028284899513408,-5.3443182683570335e-05
2020-05-06,73.39462280273438,0.0102644754390112,176.38291931152344,0.0097992007514469,67.27149963378906,-0.0026646904063293,-0.0083600820232799,-0.0010789019578498,0.0008630694245308
2020-05-07,74.15386962890625,0.0102915796027671,177.4071502685547,0.0057900653892202,68.46399688720703,0.0175713496619161,-0.0039730284383821,-0.0039994173763934,-0.0020791769453153
2020-05-08,75.91886138916016,0.0235229029594349,178.45071411132812,0.0058650766988881,69.21700286865234,0.0109385244288663,-0.0044989956073304,-0.0051046584259292,-0.0029727708311558
2020-05-11,77.11347198486328,0.0156128425395282,180.4412536621093,0.0110928086492433,70.17949676513672,0.0138096608614505,0.008933103585945,0.0133793509664774,0.0071055417279959
2020-05-12,76.23222351074219,-0.0114937451981583,176.3539276123047,-0.0229123321992651,68.75900268554688,-0.0204485233715204,0.0074004589400827,0.0107390993387453,0.0051427058434938
2020-05-13,75.31175231933594,-0.0121480580965188,173.68704223632812,-0.0152378561826191,67.41649627685547,-0.0197179362735943,0.0040791475523257,0.0024608394571445,0.0030035264010311
2020-05-14,75.77442932128906,0.006124695763073,174.4407196044922,0.0043298962523056,67.84300231933594,0.0063065065372883,-0.0027375652599459,-0.0057070407240421,0.0044774547870595
2020-05-15,75.32646179199219,-0.0059294003954296,176.98202514648438,0.0144632063798176,68.65299987792969,0.0118685830174333,-3.3881044524474205e-05,-0.0013096811451883,-0.0025915241406078
2020-05-18,77.10123443603516,0.0232877999913534,178.67298889160156,0.0095090827916906,69.25900268554688,0.0087883098889531,0.005678310434786,0.0029675947952338,0.0044034769522884
2020-05-19,76.65571594238281,-0.0057951167656465,177.43618774414062,-0.0069462187529566,68.72000122070312,-0.0078128438577762,-0.0074695203095467,-0.0052144726947469,-0.0021540067899177
2020-05-20,78.14653015136719,0.0192614815082542,179.8973388671875,0.0137753099469588,70.45800018310547,0.024976494770355,0.0014674678223927,0.0056058608733609,0.0047451868908312
2020-05-21,77.56391906738281,-0.0074832974375724,177.73655700683594,-0.0120839113881269,70.3375015258789,-0.0017116837567153,0.0011163314113625,0.0019719690271197,0.0005813000764995
2020-05-22,78.06329345703125,0.0064175936259808,177.81405639648438,0.0004359401331583,70.66200256347656,0.0046028759124005,-0.0009207041726936,0.0065260549030336,0.0057139699287106
2020-05-26,77.53453826904297,-0.0067964600466513,175.9342803955078,-0.010627858842242,71.06849670410156,0.0057361719223559,0.0025555331138927,0.003246519817293,0.0017337012515247
2020-05-27,77.87236022949219,0.0043475868294786,176.1667938232422,0.001320719978194,71.01399993896484,-0.0007671144454348,0.0014932462426511,0.0034883718180078,0.0031569815260136
2020-05-28,77.90662384033203,0.0004399003061545,175.76956176757812,-0.0022574094323674,70.91200256347656,-0.0014373320075216,-0.0060388203477767,-0.0021775829920756,0.0028882295513321
2020-05-29,77.83072662353516,-0.0009746823427954,177.56214904785156,0.0101468541066238,71.6760025024414,0.0107162906165361,0.0027527098917077,0.0047483537116188,0.0024350883492545
2020-06-01,78.78787994384766,0.0122228802531744,177.1551513671875,-0.0022947730984162,71.74349975585938,0.0009412563471283,-0.0009458051721569,-0.0037550720143871,0.0016654439193494
2020-06-02,79.15261840820312,0.0046186901593121,179.1706085205078,0.0113125621215984,72.1155014038086,0.0051717650493264,0.0024856318909613,0.0042207754055826,0.0039782360172991
2020-06-03,79.58837890625,0.0054902211778354,179.6066436767578,0.0024306745662423,71.9625015258789,-0.0021238486421296,0.009588279432513,0.0125098411795348,0.0084220210500312
2020-06-04,78.90293884277344,-0.0086496137035914,177.24234008789062,-0.0132511975252372,70.71499633789062,-0.0174875085201544,-0.0128248683864542,-0.0099208855134859,-0.0081196781724786
2020-06-05,81.15017700195312,0.0280830002797537,181.38954162597656,0.0231289331810632,72.0009994506836,0.0180223374936262,-0.0012593138774069,0.0028067081881173,0.0050088779660557
2020-06-08,81.62997436523438,0.0058950522988147,182.5135192871093,0.0061773662059639,72.4020004272461,0.005553929041339,-0.002296338932372,-0.0072858499058989,-0.004114606859716
2020-06-09,84.20767974853516,0.031089598076823,183.90884399414065,0.0076159732116442,72.60399627685547,0.002786036231028,-0.0006742537932406,-0.0137534595404062,-0.0045498555845341
2020-06-10,86.37415313720703,0.0254023520461726,190.7303161621093,0.0364202512531667,73.23500061035156,0.0086534916528488,0.0177311401083326,0.0291163587639206,0.0156098913885015
2020-06-11,82.22728729248047,-0.0492012683796244,180.4884185791016,-0.0551938603114914,70.09500122070312,-0.0438219748689412,-0.0025054049685719,0.002822384916557,0.0018275030739772
2020-06-12,82.93719482421875,0.0085964233277398,181.91278076171875,0.0078607329093383,70.64600372314453,0.0078300608669838,-0.0018926913960504,0.0003338996270944,0.0004814077514894
2020-06-15,83.96289825439453,0.0122913813247551,183.0755310058593,0.0063714597984931,71.03700256347656,0.0055193610465178,-0.0033392711403475,-0.0057575685650237,-0.0018696071247395
2020-06-16,86.18807983398438,0.0261568692958198,187.5618133544922,0.0242096568792392,72.32350158691406,0.0179482287234752,0.0003712818400472,0.0013616944515436,0.0043290234439889
2020-06-17,86.0681381225586,-0.0013925968215542,188.2110290527344,0.0034553659600765,72.62699890136719,0.0041876055197103,0.0022789458405679,-0.0006163075730385,0.0009646126465296
2020-06-18,86.1024169921875,0.0003981966609679,190.22645568847656,0.0106514062246024,71.70600128173828,-0.0127622944044591,0.0045037241960316,0.0065984007442023,0.0075388264205815
2020-06-19,85.61038970947266,-0.0057308320652346,189.09274291992188,-0.0059776365053163,71.23200225830078,-0.0066322566311705,-0.0171708181243616,-0.0142090397792137,-0.0060837709896831
2020-06-22,87.85027313232422,0.0258272728112503,194.3445587158203,0.0273950615762097,72.53299713134766,0.0180994038087275,-0.0014907534468591,-0.0003120604954017,-0.0011442235948929
2020-06-23,89.72540283203125,0.0211200029491181,195.6429443359375,0.0066586257620861,73.1989974975586,0.009140134319674,0.0072785491764032,0.0108498519064017,0.0076380329097421
2020-06-24,88.1415786743164,-0.0178095564138054,191.6992950439453,-0.0203633126696706,71.63500213623047,-0.0215979143185604,0.001276761260282,-0.0017624971986214,-0.0023609774904301
2020-06-25,89.31170654296875,0.0131882013575301,194.12168884277344,0.0125572518400582,72.05500030517578,0.0058459093592631,0.0263848977546558,0.0156869437562028,0.0122427391940414
2020-06-26,86.56753540039062,-0.0312077062168469,190.23614501953125,-0.0202190555302348,68.12699890136719,-0.0560561263012474,-0.0009181147650554,0.0006325908347877,-0.0005106246903856
2020-06-29,88.56262969970703,0.0227851165687468,192.2806396484375,0.010689800708522,69.8584976196289,0.0250981393351369,-0.002110961750337,-0.0083163039963617,-0.0002712544417231
2020-06-30,89.30191040039062,0.0083128987661215,197.1932830810547,0.0252284104621932,70.90249633789062,0.0148339086378522,-0.0009402649780974,0.0035759091058786,0.0057832453328966
2020-07-01,89.13300323486328,-0.0018932081456086,198.34634399414065,0.0058303345630606,72.0999984741211,0.0167483809301501,-0.0030266691563873,-0.001095068016515,0.0041658887578291
2020-07-02,89.13300323486328,0.0,199.85791015625,0.0075919501442533,73.49649810791016,0.0191837371658697,-0.0028393849195109,-0.0051746718261278,-0.0037121117033468
2020-07-06,91.517333984375,0.0263987242222043,204.16012573242188,0.0212979511679688,74.98249816894531,0.0200169682633548,0.0013810443599831,0.0064858616251672,0.0044735282025303
2020-07-07,91.23336029052734,-0.0031077739379536,201.78616333007807,-0.0116960766932094,74.49600219726562,-0.0065092663927593,-0.0007134090667128,-0.0090259637424755,-0.0015215565793386
2020-07-08,93.35818481445312,0.023022922074063,206.22398376464844,0.0217543386202343,75.18000030517578,0.0091397800313006,-0.0038197992103553,-0.0058356912207807,0.001872025843107
2020-07-09,93.75967407226562,0.004291304703139,207.6677703857422,0.0069766670286911,75.93299865722656,0.0099661126407477,-0.0049182149983013,0.001224855887977,0.0011270549491452
2020-07-10,93.92367553710938,0.0017476404478803,207.0379333496093,-0.00303751559106,76.95050048828125,0.0133110094989202,0.0065989935999816,0.0147768901377743,0.0049569641743968
2020-07-13,93.49039459228516,-0.0046237906947627,200.64279174804688,-0.03137585781077,75.61150360107422,-0.0175539286898802,0.0040808852887924,-0.001059659244417,0.0003392656199535
2020-07-14,95.03752136230467,0.0164130759480948,201.883056640625,0.006162430673802,76.04299926757812,0.00569052448473,0.001947703075882,0.001600948947515,-0.0014234742019454
2020-07-15,95.69113159179688,0.0068538499904715,201.5826568603516,-0.0014890972180802,75.84400177001953,-0.0026203376202267,0.0043806349199996,0.0170600448975935,0.0066336834566339
2020-07-16,94.51365661621094,-0.0123812868068907,197.59054565429688,-0.0200025667281706,75.74600219726562,-0.0012929557865503,-0.0042207082443954,0.0011491022829609,-1.7545522423873146e-05
2020-07-17,94.32269287109376,-0.0020225323221147,196.5828399658203,-0.0051130183853356,75.84249877929688,0.0012731387202027,-0.012211491722108,-0.0179900439955772,-0.0030611959696437
2020-07-20,96.31046295166016,0.0208551562584619,205.03219604492188,0.0420831007796899,78.19200134277344,0.0305085522573278,0.0021480410148088,0.0028006334210215,0.0073058199351224
2020-07-21,94.98119354248048,-0.0138980531594893,202.2706451416016,-0.0135603926173867,77.7959976196289,-0.0050773723173156,-0.0062572474757618,-0.007492612690794,-0.0026951519319223
2020-07-22,95.24803161621094,0.0028054390540675,205.17752075195312,0.0142689312363435,78.24250030517578,0.0057229966984399,0.013362396858444,0.0237436945435244,0.0169119995876474
2020-07-23,90.91267395019533,-0.0465849294874473,196.2534027099609,-0.0444688641416762,75.8375015258789,-0.0312200686929051,0.0041841114864478,0.0040977885589385,0.0050287855095435
2020-07-24,90.68746185302734,-0.0024803088569213,195.0518951416016,-0.0061410430726729,75.4104995727539,-0.0056463964414523,-0.009870310282621,-0.0024935741868255,0.0045049564645728
2020-07-27,92.83678436279295,0.0234238344705277,197.5227508544922,0.0125881198177801,76.47149658203125,0.0139715607559349,0.0053798239061393,0.0103334747896127,0.0090533296945892
2020-07-28,91.31169128417967,-0.0165641115741142,195.74952697753903,-0.0090178535009267,75.18250274658203,-0.0169995500630558,-0.0076105445663041,-0.0009435799940483,0.0010774176998047
2020-07-29,93.06199645996094,0.0189870667581218,197.7262115478516,0.0100473854197155,76.17549896240234,0.0131213474221454,-0.0046264468728572,0.0093788697478182,0.0062732634474519
2020-07-30,94.18806457519533,0.0120275708745676,197.5711669921875,-0.0007844451900355,76.91850280761719,0.0097065811892369,0.0143016907590116,0.0004442578626075,-0.0184545143545147
2020-07-31,104.04847717285156,0.0995634466687145,198.6467437744141,0.0054292317183204,74.39749908447266,-0.0333241294335446,0.0016322485059812,-0.0244608726207629,-0.0057737124633089
2020-08-03,106.67024230957033,0.0248853110159246,209.8188323974609,0.0547163651520837,74.13800048828125,-0.003494098864582,0.0038807749998405,0.0085807669553604,0.0035261732799253
2020-08-04,107.38259887695312,0.0066559191019366,206.66973876953125,-0.0151224012315468,73.66500091552734,-0.0064004273659012,-0.0023420088483933,-0.0019678387856554,0.0003638751959787
2020-08-05,107.77183532714844,0.0036182091833134,206.33059692382807,-0.0016423324274697,73.95449829101562,0.003922215536219,-0.0028895651789478,-0.0078902496384149,-0.0039726473836961
2020-08-06,111.53191375732422,0.0342944154839458,209.63473510742188,0.015886937802111,75.24749755859375,0.0173326319169344,0.0029924246225932,0.0066945782127737,0.0097304829504294
2020-08-07,108.99615478515624,-0.0229981675787551,205.88487243652344,-0.0180495187538076,74.91850280761719,-0.0043817545457619,0.0005034095311189,0.0138643638629961,-0.0024250446456486
2020-08-10,110.58039855957033,0.0144302407613218,201.78616333007807,-0.020108601579833,74.84100341796875,-0.0010349846700184,0.0067186371792791,0.0137528933479263,0.0125533546779225
2020-08-11,107.291748046875,-0.03019110392306,197.0673370361328,-0.0236630566157992,74.0270004272461,-0.0109360115314183,-0.0006211698608152,-0.0102313579719657,-0.004016649282742
2020-08-12,110.85752868652344,0.0326941102967701,202.69699096679688,0.0281667258864308,75.36199951171875,0.0178732654214083,-0.0014920375361076,0.0035757298871874,-0.0020179969925341
2020-08-13,112.81941986083984,0.0175426345911605,202.22216796875,-0.0023452741378529,75.8324966430664,0.0062237536688484,0.0092048342108354,0.0038397281214923,0.004778282968296
2020-08-14,112.71886444091795,-0.000891692750931,202.4159545898437,0.0009578268833587,75.23149871826172,-0.0079569071935043,-0.000297468435767,-0.0014588494567898,0.007856230542237
2020-08-17,112.4245834350586,-0.0026141660015009,203.75314331054688,0.0065844179614569,75.81199645996094,0.0076865355788038,-0.0057334803975464,0.0021291455204698,0.0014091243376465
2020-08-18,113.36139678955078,0.0082982896407221,204.9255828857422,0.0057377236277614,77.78900146484375,0.0257435070751938,0.0067464171463755,0.0054588659665249,0.0039395726401883
2020-08-19,113.5036163330078,0.0012537813577324,203.68231201171875,-0.006085416979513,77.23049926757812,-0.0072056045995753,-0.0007564451779842,-0.0063914748702994,0.0015357488101821
2020-08-20,116.0222396850586,0.0219471957743781,208.4223022460937,0.0230048347480602,78.8125,0.020277166480437,0.0014526548030798,0.0096450578719503,-0.0110358588968828
2020-08-21,122.00115203857422,0.0502485934747248,206.9071044921875,-0.0072963987207312,78.77850341796875,-0.0004314533421487,0.001959614129083,0.0056204178776664,-0.0005719302682466
2020-08-24,123.4603271484375,0.0118893791678819,207.5578155517578,0.003140008057376,79.25749969482422,0.0060618812701214,-0.0041406960283854,-0.000447490570345,0.0081656291257102
2020-08-25,122.44749450683594,-0.008237544963842,210.25808715820312,0.0129258325734669,80.2925033569336,0.0129742169954481,-0.0048008535294263,-0.0055076960932019,0.0012972521328251
2020-08-26,124.1126480102539,0.0135072830762864,214.80377197265625,0.0213891602752233,82.20649719238281,0.0235580815598422,0.0112463469778891,-0.0091936851634614,0.0040657307260073
2020-08-27,122.62896728515624,-0.0120263345579286,220.07794189453125,0.0242568420736807,81.4260025024414,-0.0095396771484063,-0.0088145613884334,-0.006269223514843,-0.000951262643762
2020-08-28,122.43031311035156,-0.0016212748033711,222.3410797119141,0.0102308329752174,81.97149658203125,0.0066769211182948,-0.0017834460450616,0.0078900059836822,-0.0029056846476208
2020-08-31,126.58219909667967,0.0333498968259022,219.0580596923828,-0.0148757904926106,81.47650146484375,-0.006056931090025,-0.0156070219543955,-0.0146686640786709,-0.0167268587612523
2020-09-01,131.624267578125,0.0390595136072343,220.7481384277344,0.0076855990741346,82.75399780273438,0.0155576718174503,-0.016535211573776,-0.0106219824426991,0.007430093860472
2020-09-02,128.89724731445312,-0.0209358514649227,225.0024261474609,0.0190887785188229,85.86949920654297,0.0369563677661318,0.0112806417355974,0.0217494096278227,0.019044348737311
2020-09-03,118.57762908935548,-0.0834477106222892,211.0642242431641,-0.0639487175627524,81.47550201416016,-0.0525263063942045,0.0076973559883671,0.0102152469706866,-0.0014233876886892
2020-09-04,118.65608978271484,0.000661463274219,208.10174560546875,-0.0141353457955824,79.06050109863281,-0.0300889902223489,0.0113736949563494,0.0247207992286905,0.0248314937123295
2020-09-08,110.67113494873048,-0.0696662516909416,196.8443298339844,-0.0556139091916337,76.18000030517578,-0.0371144309988527,-0.0030675968220273,-0.0176770410524869,-0.0100242252930108
2020-09-09,115.0854263305664,0.0391116347769816,205.2266998291016,0.0417020084845508,77.36150360107422,0.0153903223148402,0.0023041953482742,0.0146171986738396,0.0084833164918216
2020-09-10,111.328369140625,-0.0331905754957843,199.4765625,-0.028418472733018,76.30249786376953,-0.0137836122147671,1.188906170833436e-05,0.0058039941504269,0.0068558042447894
2020-09-11,109.8667449951172,-0.0132158924492841,198.175033569336,-0.0065461001098628,75.78800201416016,-0.0067656798101575,-0.0037585425058571,-0.0045310440649784,-0.0081768942126446
2020-09-14,113.16276550292967,0.0295589627003342,199.51544189453125,0.0067409881989779,75.44149780273438,-0.0045825029932418,-0.0116174223669899,-0.0075256477051555,0.0030900814442838
2020-09-15,113.3393325805664,0.0015590770672428,202.7887420654297,0.0162731213637026,76.75599670410156,0.0172740240144351,0.0055628506214782,0.0098647231705042,0.009527497531122
2020-09-16,109.9942626953125,-0.0299580549586886,199.165756225586,-0.0180273338034512,75.60449981689453,-0.0151157135658961,-0.0022038891061483,0.0060194078249282,0.0016430494141839
2020-09-17,108.23835754394533,-0.0160923975754065,197.087158203125,-0.0104913655519574,74.35199737548828,-0.0167052657575,0.0095500203232356,0.0108047398132807,0.0145674329397642
2020-09-18,104.80502319335938,-0.0322341075688066,194.6394958496093,-0.0124969500194183,72.55449676513672,-0.0244725780339549,0.00611014880809,-0.0047023719834795,-0.0021334647856173
2020-09-21,107.98332214355467,0.0298750886301759,196.7277984619141,0.0106719312644314,71.50700378417969,-0.0145425590840244,-0.0045401010610447,-0.0070287073170211,-0.0021763507937541
2020-09-22,109.68036651611328,0.0155935863316119,201.4677581787109,0.0238083199773944,72.99099731445312,0.0205407091575844,0.0153610778765764,0.0201370586708931,0.0141632899524883
2020-09-23,105.07970428466795,-0.0428512263133797,194.833740234375,-0.0334827788464229,70.46949768066406,-0.035156149900443,-0.0007194638517149,-0.0013958275976558,0.004156434743832
2020-09-24,106.15875244140624,0.0102164876515627,197.359115600586,0.0128784103639871,71.14299774169922,0.0095119450730163,0.0007011781040758,-0.0082625230803021,-0.0051207806920486
2020-09-25,110.14142608642578,0.0368295934207711,201.8562774658203,0.022530955409803,71.9530029296875,0.0113212645464489,-0.007173766098128,-0.0018608171505225,-0.0064974452019957
2020-09-28,112.77037811279295,0.0235884675007219,203.4298095703125,0.0077650827963667,72.93299865722656,0.0135280242715247,0.0024097075923763,0.0087669089007923,0.0087604573633688
2020-09-29,111.91693878173828,-0.0075967210538676,201.3123321533203,-0.0104634359397704,73.3010025024414,0.0050330924292964,-0.0035958257388064,-0.0094949858064508,-0.0044633316014413
2020-09-30,113.60417938232422,0.0149633178074458,204.2942352294922,0.0147036909131281,73.27999877929688,-0.0002865817957937,-0.0043480262133234,-0.0006182837740352,0.0010990260293187
2020-10-01,114.56552124023438,0.0084266012869309,206.3631286621093,0.0100760932040253,74.3949966430664,0.0151009864487439,0.010399342239923,0.0140500588685112,0.0118549793593248
2020-10-02,110.86732482910156,-0.0328126826392355,200.2730712890625,-0.0299555857045855,72.77999877929688,-0.0219475147450463,-0.002307766721175,-0.0035685847591734,-0.0050050417217197
2020-10-05,114.28103637695312,0.0303264314778693,204.34283447265625,0.0201173526801498,74.1415023803711,0.0185342862057272,0.0169752922888494,0.0155678693104966,0.0161736856207384
2020-10-06,111.0046615600586,-0.0290884496061396,200.0010986328125,-0.0214762847249397,72.5510025024414,-0.0216856642923409,0.0031665207993795,-0.0016172640540661,-0.004544738076098
2020-10-07,112.88809967041016,0.0168248632021092,203.8086395263672,0.0188586523734977,72.95700073242188,0.0055804392138356,-0.0013710065252499,0.0043706624855537,0.0058272942308938
2020-10-08,112.7801742553711,-0.000956496200284,204.5370941162109,0.0035678362846176,74.17150115966797,0.01650975845036,-0.0044873240028471,-0.0081177086434499,0.000846941522812
2020-10-09,114.74210357666016,0.0172464689571856,209.61700439453125,0.0245327286375788,75.52249908447266,0.0180506179912203,-0.0102282364419123,-0.0110232394205047,-0.0159782757139586
2020-10-12,122.03057861328124,0.0615846252722615,215.04653930664065,0.0255723896018135,78.22949981689453,0.0352161989456917,-0.0048433140168471,-0.0041779662008382,0.0074564942067048
2020-10-13,118.79342651367188,-0.0268855846772088,216.46466064453125,0.0065728372452113,78.35350036621094,0.001583831898647,0.0029377840233094,0.0047457352023643,0.0033552939373929
2020-10-14,118.8817138671875,0.0007429246275812,214.5220642089844,-0.0090147073165922,78.1719970703125,-0.0023191541342707,0.0054073628507988,0.0007824675367623,0.0015243657766845
2020-10-15,118.41085815429688,-0.0039685720194296,213.35650634765625,-0.0054480912319981,77.77349853515625,-0.0051107523304877,0.0011440233931681,0.001094970438044,0.0042745775714183
2020-10-16,116.75304412841795,-0.0140994555151372,213.35650634765625,0.0,78.38500213623047,0.0078318724136574,0.0150141879007788,0.0137266147871735,0.0095380691863792
2020-10-19,113.77096557617188,-0.0258736165090619,208.0726318359375,-0.0250772950240619,76.49749755859375,-0.0243745811284627,-0.0066095054526089,-0.0009188125848864,-0.0012134231247571
2020-10-20,115.27180480957033,0.0131055061210398,208.49026489257807,0.0020051387190157,77.55400085449219,0.0137164502913576,-0.0046678453618919,0.0022759216187032,0.0044643344091945
2020-10-21,114.64398956298828,-0.0054612760180751,208.6360015869141,0.0006987653954088,79.29949951171875,0.0222573383568124,-0.0157217764793573,-0.005396581650367,0.0004490664269857
2020-10-22,113.54532623291016,-0.0096294764359354,208.723388671875,0.0004187618071023,80.33300018310547,0.0129486804224206,-0.0031901377033108,-0.0013888372205624,0.0083527728266616
2020-10-23,112.8488540649414,-0.0061527585577862,210.02493286132807,0.0062163753923483,81.64900207519531,0.0162490996444248,0.0148040775071956,0.0077497171117026,-0.003245913380146
2020-10-26,112.8586654663086,8.693907401706916e-05,204.0513916015625,-0.0288543698476534,79.2145004272461,-0.0302702290953498,-0.0005024501920684,-0.0061127902473935,-0.0020230390512318
2020-10-27,114.37914276123048,0.0133824560145779,207.1304626464844,0.0149769673360606,79.94400024414062,0.0091670243486347,0.0270556643784658,0.0249713427128866,0.0169368880365232
2020-10-28,109.08199310302734,-0.0474189140542072,196.86378479003903,-0.0508368072579298,75.54000091552734,-0.0566640632093041,0.0047766728191158,0.000943170626255,-0.0069490359417427
2020-10-29,113.12351989746094,0.0363804884064102,198.84524536132807,0.0100148188766348,77.84400177001953,0.0300445173528729,-0.0058531238428718,0.0137560324524431,0.0202353988787613
2020-10-30,106.78656005859376,-0.0576482416958373,196.6598052978516,-0.0110515013810313,80.80549621582031,0.0373381389296972,0.0047503411444897,0.0109738219132275,0.004118174691017
2020-11-02,106.69827270507812,-0.0008271066136724,196.5238494873047,-0.000691563925971,81.21600341796875,0.0050673284901904,0.0004304909318251,-0.0026313634508053,0.0001968730957718
2020-11-03,108.33645629882812,0.0152367507742889,200.5061492919922,0.0200611206807487,82.28299713134766,0.0130521759453277,-0.02140720834808,-0.0214613226547372,-0.0056080465989934
2020-11-04,112.76055908203124,0.0400249037728936,210.1803436279297,0.0471210252964141,87.2925033569336,0.0591000968360865,-0.0023995926234619,-0.0152511364741702,-0.0042823437266922
2020-11-05,116.7628402709961,0.0348782470166207,216.88233947753903,0.0313890507416317,88.125,0.0094916741741781,-0.0003296801131585,-0.0042991735510504,0.0010173701461564
2020-11-06,116.63020324707033,-0.0011365980425589,217.30001831054688,0.0019239794264282,87.98650360107422,-0.0015728265859377,0.0028252257025353,0.0151019693196294,0.0084286735211237
2020-11-09,114.30133056640624,-0.0201700616329421,212.1229553222656,-0.0241128870412603,88.07099914550781,0.0009598631083916,0.0061158047039781,0.0180236939866377,0.0058680544859425
2020-11-10,113.9573974609375,-0.0030135396681168,204.95474243164065,-0.0343768983457418,86.88600158691406,-0.0135463648160421,-0.00135986984656,-0.0102470946030202,-0.005983848244363
2020-11-11,117.4163055419922,0.0299011144573795,210.3357696533203,0.0259159708045493,87.36150360107422,0.0054577905603914,-0.0002611099189205,0.0032615224317525,0.0025789702250837
2020-11-12,117.14117431640624,-0.0023459610150558,209.25762939453125,-0.0051389875721071,87.14099884033203,-0.0025272402976436,-0.004380101780409,-0.0022420814305624,0.0034573146682583
2020-11-13,117.19029998779295,0.0004192836003126,210.29690551757807,0.0049541986189568,88.61299896240234,0.0167510788990959,-0.0031908394203367,-0.0025901627979629,-0.0013658875185683
2020-11-16,118.21224975585938,0.0086826263300913,210.99624633789065,0.0033199754593245,88.70149993896484,0.0009982374194999,0.0013630783643076,0.0074336920160741,0.001565960848831
2020-11-17,117.31804656982422,-0.0075931419126496,208.30572509765625,-0.0128335106944551,88.08300018310547,-0.0069972455615027,0.007628275985955,0.0078743928795123,0.0070384267304273
2020-11-18,115.98165130615234,-0.011456593326295,205.5594787597656,-0.0132714063432153,87.03199768066406,-0.0120037133891357,-0.0030774349198827,-0.0009596663186739,0.000392468452995
2020-11-19,116.58106231689452,0.0051548447188324,206.86444091796875,0.0063282775364502,87.92849731445312,0.0102481132092364,0.008609156776644,0.0090172550524788,0.0042526386663782
2020-11-20,115.3036117553711,-0.0110180932825959,204.88755798339844,-0.0096023729321979,86.81900024414062,-0.0126984591449984,0.0005606402887815,0.0029336411946765,0.0130012776420662
2020-11-23,111.87419128417967,-0.0301938038117117,204.6148681640625,-0.0013318107157881,86.37799835205078,-0.0050924998553798,-0.002002170112157,-0.0048160869637052,0.0025452618455711
2020-11-24,113.17127227783205,0.0115274072733685,208.26678466796875,0.0176903561439622,88.19499969482422,0.0208172739247938,0.0038226969590582,0.0013368201226026,0.0013228147475696
2020-11-25,114.016357421875,0.007439569160642,208.2765350341797,4.68156167751946e-05,88.20649719238281,0.0001303560091923,-0.0024586988980806,-0.0004479974147471,0.003219947160438
2020-11-27,114.56664276123048,0.0048147622699053,209.60096740722656,0.0063388758671895,89.35099792480469,0.0128917856470105,0.0094618115870756,0.0038707630173684,-0.0013447767301976
2020-11-30,116.98396301269533,0.0208801706074364,208.4713134765625,-0.0054041213998952,87.72000122070312,-0.0184224727938124,-0.007112140031909,-0.0036384822936687,-0.003912335184647
2020-12-01,120.59025573730467,0.0303616256951165,210.5553131103516,0.0099469421960163,89.76799774169922,0.0230786017398928,-0.0058150052848874,0.0039532082391285,0.0019327455950733
2020-12-02,120.94401550292967,0.0029292739019248,209.7372894287109,-0.0038926438849312,91.24849700927734,0.0163579819902586,-0.0029019983108046,0.0029907526075784,0.0009774604153408
2020-12-03,120.80643463134766,-0.0011382058346426,208.6368408203125,-0.0052606079900771,91.09200286865234,-0.0017165048812978,-0.0024193874652352,0.0013933241256992,0.0062507895419935
2020-12-04,120.12842559814452,-0.0056281670679716,208.75369262695312,0.0005599159555841,91.18800354003906,0.0010533319825281,0.0003714247057964,0.0001274416130413,-0.0014765198396509
2020-12-07,121.60240173339844,0.0121953366041345,208.685546875,-0.0003264942348965,90.85150146484376,-0.0036970267356224,-0.0022802283315633,-0.0026616973694539,-4.24222254501996e-06
2020-12-08,122.2214584350586,0.005077911828971,210.36056518554688,0.0079944769008884,90.56649780273438,-0.0031419583252009,0.0069915786895462,0.0123889746183286,0.0129091123967859
2020-12-09,119.66657257080078,-0.021125318759582,206.2606658935547,-0.0196822981704245,88.89299774169922,-0.0186509893786493,0.0013526355201359,0.0073593503129418,-0.001709875615315
2020-12-10,121.10123443603516,0.0119175305299628,205.01412963867188,-0.0060618354711159,88.38249969482422,-0.0057593910651256,-0.0031249580947686,-0.0029486553798116,0.0058438286208768
2020-12-11,120.28564453125,-0.0067575587530222,207.68247985839844,0.0129314723811141,88.73999786376953,0.0040367390854734,0.0027905183692938,0.002885630780304,0.0053688828230338
2020-12-14,119.66657257080078,-0.0051599717769405,208.597900390625,0.0043981030635351,87.61299896240234,-0.0127813449624448,-0.001690174643429,0.0041198987479909,-0.0085343239996034
2020-12-15,125.66070556640624,0.0488761483402644,208.5297393798828,-0.0003268112915574,88.05400085449219,0.0050208954328158,-0.0013916372721398,-0.00831352306189,0.0050453359745116
2020-12-16,125.5919189453125,-0.000547549486864,213.5450439453125,0.0237661230994105,87.8594970703125,-0.0022113580337627,0.0040217242307476,0.0031787276569375,-0.0008189709403455
2020-12-17,126.46646881103516,0.0069392919863596,213.68136596679688,0.0006381722803092,87.02549743652344,-0.0095377646146352,0.0036536751931014,0.0050957752446966,0.0089117271023697
2020-12-18,124.46187591552734,-0.015977752878561,212.8730926513672,-0.0037897823665783,86.31099700927734,-0.00824413204294,0.0031885340934046,-0.0070173586666305,0.003884098364612
2020-12-21,126.00463104248048,0.0123192091168247,216.76844787597656,0.0181335443506294,86.72799682617188,0.0048197301069134,0.0032111856883561,-0.0002573284441086,-0.0064900679360736
2020-12-22,129.59129333496094,0.02806694002257,218.08319091796875,0.0060468763633336,86.01100158691406,-0.0083015342628133,-0.0017490426925677,0.0084425871905096,0.0051806274523262
2020-12-23,128.68727111816406,-0.0070003944039883,215.2395477294922,-0.0131250163292511,86.4114990234375,0.0046455440023127,,,
2020-12-24,129.67979431152344,0.0076830851027712,216.9242401123047,0.0077965852952679,86.70800018310547,0.0034253963411316,,,
2020-12-28,134.3178253173828,0.0351405310240871,219.0764617919922,0.0098726408077173,88.697998046875,0.022691165282638,,,
2020-12-29,132.52938842773438,-0.0134044020398822,218.2876892089844,-0.0036069414302248,87.88800048828125,-0.0091740369710774,,,
2020-12-30,131.39938354492188,-0.0085630056864588,215.8822326660156,-0.0110808281942358,86.8125,-0.0123126616414234,,,
2020-01-02,,,,,,,,,
